{
 "allow_comments": 0,
 "allow_delete": 0,
 "allow_edit": 0,
 "allow_incomplete": 0,
 "allow_multiple": 0,
 "allow_print": 0,
 "anonymous": 0,
 "apply_document_permissions": 0,
 "button_label": "Submit",
 "condition_json": "[]",
 "creation": "2024-12-09 16:04:51.331788",
 "doc_type": "Shop Lead",
 "docstatus": 0,
 "doctype": "Web Form",
 "idx": 0,
 "is_standard": 1,
 "list_columns": [],
 "login_required": 0,
 "max_attachment_size": 0,
 "modified": "2024-12-09 16:05:53.843380",
 "modified_by": "Administrator",
 "module": "shop-rent",
 "name": "lead-form",
 "owner": "Administrator",
 "published": 1,
 "route": "lead-form",
 "show_attachments": 0,
 "show_list": 0,
 "show_sidebar": 0,
 "title": "Lead Form",
 "web_form_fields": [
  {
   "allow_read_on_all_link_options": 0,
   "fieldname": "section_break_dcmx",
   "fieldtype": "Section Break",
   "hidden": 0,
   "max_length": 0,
   "max_value": 0,
   "precision": "",
   "read_only": 0,
   "reqd": 0,
   "show_in_filter": 0
  },
  {
   "allow_read_on_all_link_options": 0,
   "fieldname": "name1",
   "fieldtype": "Data",
   "hidden": 0,
   "label": "Name",
   "max_length": 0,
   "max_value": 0,
   "precision": "",
   "read_only": 0,
   "reqd": 1,
   "show_in_filter": 0
  },
  {
   "allow_read_on_all_link_options": 0,
   "fieldname": "airport_shop",
   "fieldtype": "Link",
   "hidden": 0,
   "label": "Airport Shop",
   "max_length": 0,
   "max_value": 0,
   "options": "Airport Shop",
   "precision": "",
   "read_only": 0,
   "reqd": 1,
   "show_in_filter": 0
  },
  {
   "allow_read_on_all_link_options": 0,
   "fieldname": "column_break_kwnj",
   "fieldtype": "Column Break",
   "hidden": 0,
   "label": "",
   "max_length": 0,
   "max_value": 0,
   "precision": "",
   "read_only": 0,
   "reqd": 0,
   "show_in_filter": 0
  },
  {
   "allow_read_on_all_link_options": 0,
   "fieldname": "email",
   "fieldtype": "Data",
   "hidden": 0,
   "label": "Email",
   "max_length": 0,
   "max_value": 0,
   "options": "Email",
   "precision": "",
   "read_only": 0,
   "reqd": 1,
   "show_in_filter": 0
  },
  {
   "allow_read_on_all_link_options": 0,
   "fieldname": "phone_no",
   "fieldtype": "Phone",
   "hidden": 0,
   "label": "Phone No",
   "max_length": 0,
   "max_value": 0,
   "precision": "",
   "read_only": 0,
   "reqd": 1,
   "show_in_filter": 0
  },
  {
   "allow_read_on_all_link_options": 0,
   "fieldname": "section_break_efrk",
   "fieldtype": "Section Break",
   "hidden": 0,
   "label": "",
   "max_length": 0,
   "max_value": 0,
   "precision": "",
   "read_only": 0,
   "reqd": 0,
   "show_in_filter": 0
  },
  {
   "allow_read_on_all_link_options": 0,
   "fieldname": "description",
   "fieldtype": "Small Text",
   "hidden": 0,
   "label": "Description",
   "max_length": 0,
   "max_value": 0,
   "precision": "",
   "read_only": 0,
   "reqd": 0,
   "show_in_filter": 0
  }
 ]
}