{
 "actions": [],
 "allow_rename": 1,
 "creation": "2024-11-30 14:08:38.596669",
 "doctype": "DocType",
 "editable_grid": 1,
 "engine": "InnoDB",
 "field_order": [
  "user",
  "member_type"
 ],
 "fields": [
  {
   "fieldname": "user",
   "fieldtype": "Link",
   "in_list_view": 1,
   "label": "User",
   "link_filters": "[[\"User\",\"role_profile_name\",\"=\",\"Flight Crew Member\"]]",
   "options": "User",
   "reqd": 1
  },
  {
   "fieldname": "member_type",
   "fieldtype": "Select",
   "in_list_view": 1,
   "label": "Member Type",
   "options": "Attendant\nEngineer\nCo-Pilot\nCabin Crew Manager\nFlight Attendant Supervisor",
   "reqd": 1
  }
 ],
 "index_web_pages_for_search": 1,
 "istable": 1,
 "links": [],
 "modified": "2024-11-30 14:46:08.382618",
 "modified_by": "Administrator",
 "module": "Airplane Mode",
 "name": "Crew Member",
 "owner": "Administrator",
 "permissions": [],
 "sort_field": "modified",
 "sort_order": "DESC",
 "states": []
}