{
 "app": "frappe",
 "charts": [],
 "content": "[{\"id\":\"NTA7lbUQkT\",\"type\":\"shortcut\",\"data\":{\"shortcut_name\":\"Airline\",\"col\":3}},{\"id\":\"1SoC2m4E5H\",\"type\":\"shortcut\",\"data\":{\"shortcut_name\":\"All Passengers\",\"col\":3}},{\"id\":\"F8eI7vmkCO\",\"type\":\"shortcut\",\"data\":{\"shortcut_name\":\"All Airplanes\",\"col\":3}}]",
 "creation": "2024-11-18 14:50:19.790134",
 "custom_blocks": [],
 "docstatus": 0,
 "doctype": "Workspace",
 "for_user": "",
 "hide_custom": 0,
 "icon": "Airplane Mode",
 "idx": 0,
 "indicator_color": "green",
 "is_hidden": 0,
 "label": "Airplane Mode",
 "link_type": "DocType",
 "links": [],
 "modified": "2024-11-18 14:56:56.150525",
 "modified_by": "Administrator",
 "module": "Airplane Mode",
 "name": "Airplane Mode",
 "number_cards": [],
 "owner": "Administrator",
 "parent_page": "",
 "public": 1,
 "quick_lists": [],
 "roles": [],
 "sequence_id": 23.0,
 "shortcuts": [
  {
   "color": "Grey",
   "doc_view": "List",
   "label": "All Passengers",
   "link_to": "Flight Passenger",
   "stats_filter": "[]",
   "type": "DocType"
  },
  {
   "color": "Grey",
   "doc_view": "List",
   "label": "All Airplanes",
   "link_to": "Airplane",
   "stats_filter": "[]",
   "type": "DocType"
  },
  {
   "color": "Grey",
   "doc_view": "List",
   "label": "Airline",
   "link_to": "Airline",
   "stats_filter": "[]",
   "type": "DocType"
  }
 ],
 "title": "Airplane Mode",
 "type": "Workspace"
}