{
 "attach_print": 0,
 "channel": "System Notification",
 "condition": "doc.status == \"Scheduled\"",
 "creation": "2024-11-19 13:18:10.249919",
 "date_changed": "date_of_departure",
 "days_in_advance": 1,
 "docstatus": 0,
 "doctype": "Notification",
 "document_type": "Airplane Flight",
 "enabled": 1,
 "event": "Days Before",
 "idx": 0,
 "is_standard": 1,
 "message": "Add your message here",
 "message_type": "Markdown",
 "minutes_offset": 0,
 "modified": "2024-11-19 13:18:10.249919",
 "modified_by": "Administrator",
 "module": "Airplane Mode",
 "name": "Reaminder Notification",
 "owner": "Administrator",
 "recipients": [
  {
   "receiver_by_role": "System Manager"
  }
 ],
 "send_system_notification": 0,
 "send_to_all_assignees": 0,
 "subject": "Departs in 24 hours!"
}