{
 "absolute_value": 0,
 "align_labels_right": 0,
 "creation": "2024-12-09 16:41:59.214440",
 "custom_format": 1,
 "default_print_language": "en",
 "disabled": 0,
 "doc_type": "Shop Rent Payment",
 "docstatus": 0,
 "doctype": "Print Format",
 "font_size": 14,
 "html": "<div style=\"border: 1px solid #000; padding: 20px; font-family: Arial, sans-serif; font-size: 12px;\">\n    <!-- Header Section -->\n    <div style=\"text-align: center; border-bottom: 2px solid #000; padding-bottom: 10px;\">\n        <h2 style=\"margin: 0;\">Rent Receipt</h2>\n        {% set airport_shop=frappe.get_doc(\"Airport Shop\",doc.shop) %}\n        <div style=\"margin-top: 10px; display:flex; justify-content: space-between;\">\n            {% set airport=frappe.get_doc(\"Airport\",airport_shop.airport) %}\n            <div style=\"text-align: left\">\n                <strong>{{airport.name}}</strong><br>\n                {{airport.location_name}}<br>\n                {{airport.city}}<br>\n                {{airport.state}}, ZIP Code: {{airport.zip_code}}<br>\n                {{airport.country}}<br>\n            </div>\n            <img src={{airport.logo}} alt=\"Airport Logo\" style=\"width: 100px; margin-bottom: 10px;\" />\n        </div>\n    </div>\n   \n    <!-- Document Details -->\n    <div style=\"margin-top: 20px; display:flex; justify-content: space-between;\">\n        {% set shop=frappe.get_doc(\"Airport Shop\",doc.shop) %}\n        {% set tenat=frappe.get_doc(\"Tenant\",doc.tenat) %}\n        <div>\n            <div><strong>Shop Details:</strong></div>\n            <div style=\"margin-left: 15px;\">\n                <div>Shop No: {{shop.shop_number if shop.shop_number else ' ' }}</div>\n                <div>Shop Name: {{ shop.name if shop.name else ' ' }}</div>\n                <div>Shop Area: {{ shop.area_in_sq if shop.area_in_sq else ' ' }} sq ft</div>\n            </div>\n        </div>\n        <div>\n            <div><strong>Tenant Details:</strong></div>\n            <div style=\"margin-left: 15px;\">\n                <div>Name: {{ tenat.name}}</div>\n                <div>Email: {{ tenat.email }}</div>\n                <div>Phone: {{ tenat.phone_no }}</div>\n            </div>\n        </div>\n    </div>\n \n    <!-- Payment Details -->\n    <div style=\"margin-top: 20px; border-top: 1px solid #ccc; padding-top: 10px;\">\n        <div style=\"display:flex; justify-content: space-between;\">\n            <div>\n                <div><strong>Payment No:</strong> {{ doc.name }}</div>\n                <div><strong>Payment Date:</strong> {{ doc.payment_date if doc.payment_date else ' ' }}</div>\n            </div>\n            <div>\n                <div><strong>Amount Paid:</strong> {{ \"{:,.2f}\".format(doc.payment_amount) if doc.payment_amount else '0.00' }}</div>\n            </div>\n        </div>\n    </div>\n    <div style=\"margin-top: 30px;\">\n        <p style=\"text-align: center;\">This receipt confirms the payment of rent for the above-mentioned shop premises.</p>\n        <div style=\"margin-top: 40px; display: flex; justify-content: space-between;\">\n            <div style=\"text-align: center; width: 200px;\">\n                <div style=\"border-top: 1px solid #000;\">Tenant Signature</div>\n            </div>\n            <div style=\"text-align: center; width: 200px;\">\n                <div style=\"border-top: 1px solid #000;\">Authority Signature</div>\n            </div>\n        </div>\n    </div>\n</div>",
 "idx": 0,
 "line_breaks": 0,
 "margin_bottom": 15.0,
 "margin_left": 15.0,
 "margin_right": 15.0,
 "margin_top": 15.0,
 "modified": "2024-12-10 10:36:59.985533",
 "modified_by": "Administrator",
 "module": "shop-rent",
 "name": "Rent Payment",
 "owner": "Administrator",
 "page_number": "Hide",
 "print_designer": 0,
 "print_designer_template_app": "print_designer",
 "print_format_builder": 0,
 "print_format_builder_beta": 0,
 "print_format_type": "Jinja",
 "raw_printing": 0,
 "show_section_headings": 0,
 "standard": "Yes"
}