{
 "actions": [],
 "allow_rename": 1,
 "creation": "2024-11-18 18:21:58.178648",
 "doctype": "DocType",
 "editable_grid": 1,
 "engine": "InnoDB",
 "field_order": [
  "item",
  "amount"
 ],
 "fields": [
  {
   "fieldname": "item",
   "fieldtype": "Link",
   "in_list_view": 1,
   "label": "Item",
   "options": "Airplane Ticket Add-on Type",
   "reqd": 1
  },
  {
   "default": "0",
   "fieldname": "amount",
   "fieldtype": "Currency",
   "in_list_view": 1,
   "label": "Amount",
   "non_negative": 1,
   "reqd": 1
  }
 ],
 "index_web_pages_for_search": 1,
 "istable": 1,
 "links": [],
 "modified": "2024-11-18 18:24:19.501683",
 "modified_by": "Administrator",
 "module": "Airplane Mode",
 "name": "Airplane Ticket Add-on Item",
 "owner": "Administrator",
 "permissions": [],
 "sort_field": "creation",
 "sort_order": "DESC",
 "states": []
}